{"enonkoski": "enonkoski", "palojoensuu (enonteki\u00f6)": "palojoensuu (enonteki\u00f6)", "porvoo": "porvoo", "inari": "inari", "h\u00e4meenkoski": "h\u00e4meenkoski", "taipalsaari": "taipalsaari", "vilppula": "vilppula", "maksamaa": "maksamaa", "tuusula": "tuusula  linja-autoasema (tuusula)", "mustasaari": "mustasaari", "tikkakoski (jyv\u00e4skyl\u00e4)": "tikkakoski (jyv\u00e4skyl\u00e4)", "\u00e4ht\u00e4ri": "\u00e4ht\u00e4ri", "miehikk\u00e4l\u00e4": "miehikk\u00e4l\u00e4", "raippaluoto (mustasaari)": "raippaluoto (mustasaari)", "pudasj\u00e4rvi": "pudasj\u00e4rvi", "j\u00e4ms\u00e4nkoski": "j\u00e4ms\u00e4nkoski", "marttila": "marttila", "tuusniemi": "tuusniemi", "anttola": "anttola", "saarenkyl\u00e4 (rovaniemi)": "saarenkyl\u00e4 (rovaniemi)", "tampere": "tampere", "suomenniemi": "suomenniemi", "nastola": "nastola  kk (nastola)", "kiihtelysvaara": "kiihtelysvaara", "pernaja": "pernaja kk (loviisa)", "j\u00e4rvenp\u00e4\u00e4": "j\u00e4rvenp\u00e4\u00e4", "kauniainen": "kauniainen", "taivassalo": "taivassalo", "saari": "saari", "k\u00e4lvi\u00e4": "k\u00e4lvi\u00e4", "kurikka": "kurikka", "eurajoki": "eurajoki", "laihia": "laihia", "iisalmi": "iisalmi", "kauhajoki": "kauhajoki", "yl\u00e4maa": "yl\u00e4maa", "vammala": "vammala", "ikaalinen": "ikaalinen", "joroinen": "joroinen", "merij\u00e4rvi": "merij\u00e4rvi", "korsn\u00e4s": "korsn\u00e4s", "pori": "pori", "kylm\u00e4koski": "kylm\u00e4koski", "mietoinen": "mietoinen", "kristiinankaupunki": "kristiinankaupunki", "orip\u00e4\u00e4": "orip\u00e4\u00e4", "taivalkoski": "taivalkoski", "orivesi": "orivesi", "haukivuori": "haukivuori", "rautavaara": "rautavaara", "imatra": "imatra", "puumala": "puumala", "pyh\u00e4selk\u00e4": "pyh\u00e4selk\u00e4 keskusta (joensuu)", "kuhmalahti": "kuhmalahti kk (kangasala)", "ristiina": "ristiina", "pattijoki": "pattijoki", "sievi": "sievi as (sievi)", "tervo": "tervo", "kangaslampi": "kangaslampi", "h\u00e4meenlinna": "h\u00e4meenlinna", "kemi": "kemi", "kaipola (j\u00e4ms\u00e4)": "kaipola (j\u00e4ms\u00e4)", "viitasaari": "viitasaari", "oulu": "oulu", "tammela": "tammela", "myn\u00e4m\u00e4ki": "myn\u00e4m\u00e4ki", "rusko": "rusko", "isokyr\u00f6": "isokyr\u00f6", "karkkila": "karkkila", "saarij\u00e4rvi": "saarij\u00e4rvi", "k\u00e4rs\u00e4m\u00e4ki": "k\u00e4rs\u00e4m\u00e4ki", "pohja": "pohja", "sysm\u00e4": "sysm\u00e4", "kalajoki": "kalajoki", "vaalimaa (virolahti)": "vaalimaa (virolahti)", "lemi": "lemi", "nuijamaa (lappeenranta)": "nuijamaa (lappeenranta)", "luvia": "luvia", "siikainen": "siikainen", "parikkala": "parikkala", "v\u00e4h\u00e4kyr\u00f6": "v\u00e4h\u00e4kyr\u00f6", "himanka": "himanka", "utaj\u00e4rvi": "utaj\u00e4rvi", "hartola": "hartola", "lohtaja": "lohtaja", "kangasala": "kangasala", "varkaus": "varkaus", "haapaj\u00e4rvi": "haapaj\u00e4rvi", "suomussalmi": "suomussalmi", "rautalampi": "rautalampi", "uusikaarlepyy": "uusikaarlepyy", "riistavesi (kuopio)": "riistavesi (kuopio)", "kaavi": "kaavi", "siilinj\u00e4rvi": "siilinj\u00e4rvi", "ylistaro": "ylistaro", "urjala": "urjala", "toivakka": "toivakka", "pielavesi": "pielavesi", "karinainen": "karinainen kk (p\u00f6yty\u00e4)", "maalahti": "maalahti", "p\u00e4lk\u00e4ne": "p\u00e4lk\u00e4ne", "sodankyl\u00e4": "sodankyl\u00e4", "ullava": "ullava", "ylitornio": "ylitornio", "lemu": "lemu", "juva": "juva", "vimpeli": "vimpeli", "kauhava": "kauhava", "r\u00e4\u00e4kkyl\u00e4": "r\u00e4\u00e4kkyl\u00e4", "eno": "eno", "k\u00f6yli\u00f6": "k\u00f6yli\u00f6", "hausj\u00e4rvi": "hausj\u00e4rvi", "pet\u00e4j\u00e4vesi": "pet\u00e4j\u00e4vesi", "yp\u00e4j\u00e4": "yp\u00e4j\u00e4", "kokem\u00e4ki": "kokem\u00e4ki", "loppi": "loppi", "masku": "masku", "enonteki\u00f6": "enonteki\u00f6", "kemi\u00f6": "kemi\u00f6", "\u00e4\u00e4nekoski": "\u00e4\u00e4nekoski", "valkeala": "valkeala", "mouhij\u00e4rvi": "mouhij\u00e4rvi", "kalvola": "kalvola", "kustavi": "kustavi", "hamina": "hamina", "pertunmaa": "pertunmaa", "helsinki": "helsinki", "hein\u00e4vesi": "hein\u00e4vesi", "pyht\u00e4\u00e4": "pyht\u00e4\u00e4", "jaala": "jaala", "p\u00f6yty\u00e4": "p\u00f6yty\u00e4", "karjalohja": "karjalohja", "kuru": "kuru", "pyh\u00e4nt\u00e4": "pyh\u00e4nt\u00e4", "virtasalmi": "virtasalmi", "soini": "soini", "suodenniemi": "suodenniemi", "somero": "somero", "kirkkonummi": "kirkkonummi", "pukkila": "pukkila", "lahti": "lahti", "joutsa": "joutsa", "kodisjoki": "kodisjoki", "hanko": "hanko", "kihni\u00f6": "kihni\u00f6", "rym\u00e4ttyl\u00e4": "rym\u00e4ttyl\u00e4", "pornainen": "pornainen", "joutseno": "joutseno", "sauvo": "sauvo", "renko": "renko", "piikki\u00f6": "piikki\u00f6", "nokia": "nokia", "mellil\u00e4": "mellil\u00e4", "tohmaj\u00e4rvi": "tohmaj\u00e4rvi", "n\u00e4rpi\u00f6": "n\u00e4rpi\u00f6", "vuoj\u00e4rvi (sodankyl\u00e4)": "vuoj\u00e4rvi (sodankyl\u00e4)", "kaustinen": "kaustinen", "vaala": "vaala", "nurmij\u00e4rvi": "nurmij\u00e4rvi", "juankoski": "juankoski", "viiala": "viiala", "pihtipudas": "pihtipudas", "n\u00e4\u00e4t\u00e4m\u00f6 (inari)": "n\u00e4\u00e4t\u00e4m\u00f6 (inari)", "keminmaa": "keminmaa", "kolari": "kolari matkahuolto (kolari)", "kannonkoski": "kannonkoski", "muurla": "muurla", "puolanka": "puolanka", "\u00e4mm\u00e4nsaari (suomussalmi)": "\u00e4mm\u00e4nsaari (suomussalmi)", "siikajoki": "siikajoki", "liljendal": "liljendal", "toijala": "toijala", "hauho": "hauho", "kestil\u00e4": "kestil\u00e4", "per\u00e4sein\u00e4joki": "per\u00e4sein\u00e4joki", "honkajoki": "honkajoki", "janakkala": "janakkala kk (janakkala)", "suomusj\u00e4rvi": "suomusj\u00e4rvi", "hattula": "hattula", "v\u00f6yri": "v\u00f6yri", "teuva": "teuva", "kruunupyy": "kruunupyy", "s\u00e4kyl\u00e4": "s\u00e4kyl\u00e4", "kaarina": "kaarina", "nakkila": "nakkila", "raisio": "raisio", "nilsi\u00e4": "nilsi\u00e4", "hyvink\u00e4\u00e4": "hyvink\u00e4\u00e4", "parainen": "parainen", "kaskinen": "kaskinen", "heinola": "heinola", "nurmes": "nurmes", "lapua": "lapua", "jokioinen": "jokioinen", "s\u00e4rkisalo": "s\u00e4rkisalo", "savonlinna": "savonlinna", "m\u00e4ntt\u00e4": "m\u00e4ntt\u00e4", "vierem\u00e4": "vierem\u00e4", "pello": "pello", "ivalo (inari)": "ivalo (inari)", "karigasniemi (utsjoki)": "karigasniemi (utsjoki)", "pyh\u00e4joki": "pyh\u00e4joki", "vampula": "vampula", "suolahti": "suolahti", "houtskari": "houtskari", "keitele": "keitele", "muurame": "muurame", "yl\u00f6j\u00e4rvi": "yl\u00f6j\u00e4rvi", "lieksa": "lieksa", "sulkava": "sulkava", "kannus": "kannus", "nuorgam (utsjoki)": "nuorgam (utsjoki)", "posio": "posio", "j\u00e4mij\u00e4rvi": "j\u00e4mij\u00e4rvi", "dragsfj\u00e4rd": "dragsfj\u00e4rd", "h\u00e4meenkyr\u00f6": "h\u00e4meenkyr\u00f6", "virrat": "virrat", "konginkangas (\u00e4\u00e4nekoski)": "konginkangas (\u00e4\u00e4nekoski)", "temmes": "temmes", "ylikiiminki": "ylikiiminki", "sein\u00e4joki": "sein\u00e4joki", "oulainen": "oulainen", "vuolijoki": "vuolijoki", "salla": "salla", "viljakkala": "viljakkala", "tervola": "tervola", "laukaa": "laukaa", "nauvo": "nauvo", "kontiolahti": "kontiolahti", "kittil\u00e4": "kittil\u00e4", "lohja": "lohja", "orimattila": "orimattila", "pietarsaari": "pietarsaari", "juuka": "juuka", "askola": "askola", "kuivaniemi": "kuivaniemi as (ii)", "salo": "salo", "kerim\u00e4ki": "kerim\u00e4ki", "sumiainen": "sumiainen", "simo": "simo", "sotkamo": "sotkamo", "kiiminki": "kiiminki", "ruotsinpyht\u00e4\u00e4": "ruotsinpyht\u00e4\u00e4", "luum\u00e4ki": "luum\u00e4ki", "l\u00e4ngelm\u00e4ki": "l\u00e4ngelm\u00e4ki", "tammisaari": "tammisaari", "lumijoki": "lumijoki", "kivilompolo (enonteki\u00f6)": "kivilompolo  rajanylistyspaikka (enonteki\u00f6)", "espoo": "espoo", "parkano": "parkano", "j\u00e4ms\u00e4": "j\u00e4ms\u00e4", "karjaa": "karjaa", "liperi": "liperi", "joensuu": "joensuu", "ristij\u00e4rvi": "ristij\u00e4rvi", "jurva": "jurva", "alastaro": "alastaro", "v\u00e4rtsil\u00e4": "v\u00e4rtsil\u00e4", "harjavalta": "harjavalta", "halsua": "halsua", "polvij\u00e4rvi": "polvij\u00e4rvi", "paltamo": "paltamo", "kuorevesi": "kuorevesi  taajama (j\u00e4ms\u00e4)", "leivonm\u00e4ki": "leivonm\u00e4ki", "virolahti": "virolahti kk (virolahti)", "kuortane": "kuortane", "t\u00f6ys\u00e4": "t\u00f6ys\u00e4", "haapavesi": "haapavesi", "muonio": "muonio", "karvia": "karvia", "turku": "turku", "ulvila": "ulvila kirkko (ulvila)", "isojoki": "isojoki", "alavus": "alavus", "kaaresuvanto (enonteki\u00f6)": "kaaresuvanto (enonteki\u00f6)", "tuulos": "tuulos", "punkaharju": "punkaharju", "kiikoinen": "kiikoinen", "muhos": "muhos", "raahe": "raahe", "savonranta": "savonranta", "sahalahti": "sahalahti kk (kangasala)", "kitee": "kitee", "meltaus (rovaniemi)": "meltaus (rovaniemi)", "haukipudas": "haukipudas", "liminka": "liminka", "iitti": "iitti kk (iitti)", "lappaj\u00e4rvi": "lappaj\u00e4rvi", "juupajoki": "juupajoki", "kiikala": "kiikala", "oravainen": "oravainen", "koski": "koski", "pirkkala": "pirkkala", "nivala": "nivala", "kerava": "kerava", "luhanka": "luhanka", "kuhmo": "kuhmo", "ruokolahti": "ruokolahti", "vehkalahti": "vehkalahti", "hirvensalmi": "hirvensalmi", "lavia": "lavia", "pylk\u00f6nm\u00e4ki": "pylk\u00f6nm\u00e4ki", "lemp\u00e4\u00e4l\u00e4": "lemp\u00e4\u00e4l\u00e4", "kullaa": "kullaa kk (ulvila)", "alah\u00e4rm\u00e4": "alah\u00e4rm\u00e4", "perho": "perho", "jalasj\u00e4rvi": "jalasj\u00e4rvi", "yl\u00e4ne": "yl\u00e4ne", "lapinj\u00e4rvi": "lapinj\u00e4rvi", "kisko": "kisko", "noormarkku": "noormarkku", "kokkola": "kokkola", "vesilahti": "vesilahti", "kortesj\u00e4rvi": "kortesj\u00e4rvi", "ylih\u00e4rm\u00e4": "ylih\u00e4rm\u00e4", "reisj\u00e4rvi": "reisj\u00e4rvi", "merimasku": "merimasku", "nurmo": "nurmo", "forssa": "forssa", "konnevesi": "konnevesi", "huittinen": "huittinen", "velkua": "velkua  teersalo (naantali)", "vaasa": "vaasa", "alavieska": "alavieska", "siuntio": "siuntio as (siuntio)", "sukeva (sonkaj\u00e4rvi)": "sukeva neste (sonkaj\u00e4rvi)", "ii": "ii", "varpaisj\u00e4rvi": "varpaisj\u00e4rvi", "vehmersalmi": "vehmersalmi", "loviisa": "loviisa", "alaj\u00e4rvi": "alaj\u00e4rvi", "suonenjoki": "suonenjoki", "lammi": "lammi", "rauma": "rauma", "valkeakoski": "valkeakoski", "naantali": "naantali", "aura": "aura kk (aura)", "myrskyl\u00e4": "myrskyl\u00e4", "karstula": "karstula", "eura": "eura", "rautj\u00e4rvi": "rautj\u00e4rvi  as th (rautj\u00e4rvi)", "korpilahti": "korpilahti", "hyrynsalmi": "hyrynsalmi", "kankaanp\u00e4\u00e4": "kankaanp\u00e4\u00e4", "lieto": "lieto", "hailuoto": "hailuoto kk, seo (hailuoto)", "savitaipale": "savitaipale", "tuupovaara": "tuupovaara", "jyv\u00e4skyl\u00e4": "jyv\u00e4skyl\u00e4", "uusikaupunki": "uusikaupunki", "halikko": "halikko", "lepp\u00e4virta": "lepp\u00e4virta", "toholampi": "toholampi", "kivij\u00e4rvi": "kivij\u00e4rvi", "luoto": "luoto", "pyh\u00e4ranta": "pyh\u00e4ranta", "evij\u00e4rvi": "evij\u00e4rvi", "ilmajoki": "ilmajoki", "merikarvia": "merikarvia", "kes\u00e4lahti": "kes\u00e4lahti", "m\u00e4nts\u00e4l\u00e4": "m\u00e4nts\u00e4l\u00e4", "tarvasjoki": "tarvasjoki", "tornio": "tornio", "rovaniemi": "rovaniemi", "nummi-pusula": "nummi-pusula, nummi kk (lohja)", "kouvola": "kouvola", "uukuniemi": "uukuniemi kk (parikkala)", "tyrn\u00e4v\u00e4": "tyrn\u00e4v\u00e4", "korppoo": "korppoo", "punkalaidun": "punkalaidun", "lehtim\u00e4ki": "lehtim\u00e4ki", "inkoo": "inkoo", "kotka": "kotka", "ranua": "ranua", "sonkaj\u00e4rvi": "sonkaj\u00e4rvi", "piippola": "piippola", "savukoski": "savukoski", "kemij\u00e4rvi": "kemij\u00e4rvi", "pelkosenniemi": "pelkosenniemi", "humppila": "humppila asema (humppila)", "kuhmoinen": "kuhmoinen", "kinnula": "kinnula", "padasjoki": "padasjoki", "kangasniemi": "kangasniemi", "sammatti": "sammatti", "s\u00e4yn\u00e4tsalo (jyv\u00e4skyl\u00e4)": "s\u00e4yn\u00e4tsalo (jyv\u00e4skyl\u00e4)", "vaajakoski (jyv\u00e4skyl\u00e4)": "vaajakoski (jyv\u00e4skyl\u00e4)", "vartius (kuhmo)": "vartius (kuhmo)", "ylivieska": "ylivieska", "kajaani": "kajaani", "rantasalmi": "rantasalmi", "ilomantsi": "ilomantsi", "rantsila": "rantsila", "laitila": "laitila", "lapinlahti": "lapinlahti", "hankasalmi": "hankasalmi as (hankasalmi)", "kilpisj\u00e4rvi (enonteki\u00f6)": "kilpisj\u00e4rvi rajanylistyspaikka (enonteki\u00f6)", "k\u00e4rk\u00f6l\u00e4": "k\u00e4rk\u00f6l\u00e4", "valtimo": "valtimo", "luopioinen": "luopioinen", "vesanto": "vesanto", "haapam\u00e4ki (keuruu)": "haapam\u00e4ki (keuruu)", "perni\u00f6": "perni\u00f6", "sipoo": "sipoo keskusta (sipoo)", "pieks\u00e4m\u00e4ki": "pieks\u00e4m\u00e4ki", "asikkala": "asikkala kk (asikkala)", "outokumpu": "outokumpu", "kuopio": "kuopio", "vihti": "vihti", "vehmaa": "vehmaa", "uurainen": "uurainen", "kiukainen": "kiukainen", "karijoki": "karijoki", "kyyj\u00e4rvi": "kyyj\u00e4rvi", "paimio": "paimio", "vuotso (sodankyl\u00e4)": "vuotso (sodankyl\u00e4)", "otava (mikkeli)": "otava (mikkeli)", "kalanti (uusikaupunki)": "kalanti (uusikaupunki)", "v\u00e4stanfj\u00e4rd": "v\u00e4stanfj\u00e4rd lammala (kemi\u00f6nsaari)", "karttula": "karttula", "ruukki": "ruukki", "vihanti": "vihanti", "j\u00e4ppil\u00e4": "j\u00e4ppil\u00e4", "pulkkila": "pulkkila", "mikkeli": "mikkeli", "elim\u00e4ki": "elim\u00e4ki", "multia": "multia", "ruovesi": "ruovesi", "\u00e4ets\u00e4": "\u00e4ets\u00e4", "kuusjoki": "kuusjoki", "lievestuore (laukaa)": "lievestuore (laukaa)", "keuruu": "keuruu", "kempele": "kempele", "lestij\u00e4rvi": "lestij\u00e4rvi", "artj\u00e4rvi": "artj\u00e4rvi", "loimaa": "loimaa", "pomarkku": "pomarkku", "nousiainen": "nousiainen", "kiuruvesi": "kiuruvesi", "lappeenranta": "lappeenranta", "hollola": "hollola kk (hollola)", "koli (lieksa)": "koli kyl\u00e4 (lieksa)", "yli-ii": "yli-ii", "maaninka": "maaninka", "askainen": "askainen", "utsjoki (utsjoki)": "utsjoki", "m\u00e4ntyharju": "m\u00e4ntyharju", "veteli": "veteli", "pyh\u00e4j\u00e4rvi": "pyh\u00e4j\u00e4rvi", "kuusankoski": "kuusankoski", "riihim\u00e4ki": "riihim\u00e4ki", "kuusamo": "kuusamo", "pertteli": "pertteli"}